facility_name,facility_type,facility_subtype,barangay,barangay_psgc,address,lat,lng,geocode_precision,ownership,bed_capacity
MANGGAHAN BARANGAY HEALTH STATION,health,Barangay Health Station,MANGGAHAN,405808005,"COMMUNITY VILLAGE STREET, MANGGAHAN, RODRIGUEZ, RIZAL, Philippines",14.59810189,121.0916183,address_level,Government,0
ALPHASTAR LABORATORY DIAGNOSTIC AND MULTISPECIALTY CLINIC,health,Clinical Laboratory,SAN JOSE,405808010,"LOT 3A BLK 9 PHASE 1B KASIGLAHAN VILLAGE, SAN JOSE, RODRIGUEZ, RIZAL, Philippines",14.66721342,121.0697192,address_level,Private,0
SOLOSON MEDICAL CLINIC,health,Clinical Laboratory,BURGOS,405808002,"MMR BLDNG., BURGOS, RODRIGUEZ, RIZAL, Philippines",14.71295023,121.1346167,address_level,Private,0
MEDITROOPS LABORATORY AND DIAGNOSTICS,health,Drug Testing Laboratory,BURGOS,405808002,"LOT 1, BLOCK 1 MAYON DRIVE, BURGOS, RODRIGUEZ, RIZAL, Philippines",14.71407476,121.135679,address_level,Private,0
MEDITROOPS LABORATORY AND DIAGNOSTICS,health,Clinical Laboratory,BURGOS,405808002,"LOT 1, BLOCK 1 MAYON DRIVE MONTANA SUBDIVISION, BURGOS, RODRIGUEZ, RIZAL, Philippines",14.71407476,121.135679,address_level,Private,0
DELA COSTA HEALTH CENTER,health,Barangay Health Station,BURGOS,405808002,"PHASE 1, BURGOS, RODRIGUEZ, RIZAL, Philippines",14.7145018,121.1424623,address_level,Government,0
BLOODCARE MEDICAL LABORATORY,health,Clinical Laboratory,BURGOS,405808002,"B1, L13 A. MABINI ST., BURGOS, RODRIGUEZ, RIZAL, Philippines",14.71477495,121.1359887,address_level,Private,0
BLOODCARE MEDICAL LABORATORY,health,Drug Testing Laboratory,BURGOS,405808002,"B1, L13 A. MABINI ST., BURGOS, RODRIGUEZ, RIZAL, Philippines",14.71478233,121.1359725,address_level,Private,0
"RPHS CASIMIRO A. YNARES SR, MEMORIAL HOSPITAL",health,Hospital,BURGOS,405808002,"BECCO ROAD, BURGOS, RODRIGUEZ, RIZAL, Philippines",14.7160062,121.1330499,address_level,Government,56
BURGOS 2 BARANGAY HEALTH STATION,health,Barangay Health Station,BURGOS,405808002,"BURGOS, RODRIGUEZ, RIZAL, Philippines",14.7163084,121.1382221,address_level,Government,0
SOLOSON MEDICAL CLINIC,health,Drug Testing Laboratory,BURGOS,405808002,"BURGOS, RODRIGUEZ, RIZAL, Philippines",14.7163084,121.1382221,address_level,Private,0
JL DIALMED DIALYSIS CENTER,health,Dialysis Clinic,BURGOS,405808002,"A. MABINI ST., BURGOS, RODRIGUEZ, RIZAL, Philippines",14.7167439,121.1371314,address_level,Private,0
BURGOS I BARANGAY HEALTH STATION,health,Barangay Health Station,BURGOS,405808002,"MANGGA STREET, BURGOS, RODRIGUEZ, RIZAL, Philippines",14.7184812,121.1402837,address_level,Government,0
YOUNG ANGELS MIDWIFE CLINIC,health,Birthing Home,BURGOS,405808002,"BLOCK 2 LOT 7 PHASE 1 DELA COSTA HOMES 5, BURGOS, RODRIGUEZ, RIZAL, Philippines",14.72278976,121.1335437,address_level,Private,1
HEALTHY MEH CLINICAL LABORATORY,health,Clinical Laboratory,MANGGAHAN,405808005,"MANGGAHAN, MANGGAHAN, RODRIGUEZ, RIZAL, Philippines",14.7242881,121.1431648,address_level,Private,0
H-VILL HOSPITAL,health,Hospital,MANGGAHAN,405808005,"82 J.P. RIZAL STREET, MANGGAHAN, RODRIGUEZ, RIZAL, Philippines",14.72670638,121.1429688,address_level,Private,30
ATE WILMA'S PAANAKAN,health,Birthing Home,MANGGAHAN,405808005,"J.P. RIZAL STREET, MANGGAHAN, RODRIGUEZ, RIZAL, Philippines",14.72914658,121.1443176,address_level,Private,1
ADULTS AND CHILDREN'S DIAGNOSTICS CENTER CORP.,health,Clinical Laboratory,SAN JOSE,405808010,"756 E. RODRIGUEZ AVE., SAN JOSE, RODRIGUEZ, RIZAL, Philippines",14.72933895,121.140916,address_level,Private,0
NEW LIFE MATERNITY AND LYING-IN CLINIC INC.,health,Birthing Home,SAN JOSE,405808010,"UNIT E CASA CARMELITA BLDG, SAN JOSE, RODRIGUEZ, RIZAL, Philippines",14.7301223,121.1394665,address_level,Private,2
CCH RURAL HEALTH UNIT BIRTHING HOME 4,health,Rural Health Unit,SAN RAFAEL,405808011,"SITIO WAWA, SAN RAFAEL, RODRIGUEZ, RIZAL, Philippines",14.7304349,121.1852683,address_level,Government,0
ROSARIO BARANGAY HEALTH STATION,health,Barangay Health Station,ROSARIO,405808008,"OMEGA SUBDIVISION, ROSARIO, RODRIGUEZ, RIZAL, Philippines",14.7305612,121.1412352,address_level,Government,0
VILLON MIDWIVE CLINIC,health,Birthing Home,SAN JOSE,405808010,"BLOCK 4 LOT 31 PHASE 1 SUB URBAN VILL, SAN JOSE, RODRIGUEZ, RIZAL, Philippines",14.73080374,121.1342052,address_level,Private,0
VILLON MIDWIFE CLINIC,health,Birthing Home,SAN JOSE,405808010,"B7L2C3 PH1F SUB URBAN VILL, SAN JOSE, RODRIGUEZ, RIZAL, Philippines",14.7308159,121.1342133,address_level,Private,2
NICOLAS-BANAL HEALTH SERVICES,health,Drug Testing Laboratory,SAN JOSE,405808010,"#40 E. RODRIGUEZ HIGHWAY ST., SAN JOSE, RODRIGUEZ, RIZAL, Philippines",14.73086499,121.1358501,address_level,Private,0
NICOLAS-BANAL HEALTH SERVICES,health,Clinical Laboratory,SAN JOSE,405808010,"#40 E. RODRIGUEZ HIGHWAY ST., SAN JOSE, RODRIGUEZ, RIZAL, Philippines",14.73086499,121.1358501,address_level,Private,0
DOC. K LYING IN CLINIC,health,Birthing Home,SAN JOSE,405808010,"32 E. RODRIGUEZ ST., SAN JOSE, RODRIGUEZ, RIZAL, Philippines",14.73088113,121.13661,address_level,Private,4
SAN JOSE III - NTA BARANGAY HEALTH STATION,health,Barangay Health Station,SAN JOSE,405808010,"SAN JOSE, RODRIGUEZ, RIZAL, Philippines",14.7312924,121.1351854,address_level,Government,0
SAN JOSE I - PROPER BARANGAY HEALTH STATION,health,Barangay Health Station,SAN JOSE,405808010,"E. RODRIGUEZ HIGHWAY, SAN JOSE, RODRIGUEZ, RIZAL, Philippines",14.7313858,121.1348379,address_level,Government,0
HEALTH EXPERT CLINICAL LABORATORY,health,Clinical Laboratory,SAN JOSE,405808010,"24 E. RODRIGUEZ HIGHWAY, SAN JOSE, RODRIGUEZ, RIZAL, Philippines",14.7313858,121.1348379,address_level,Private,0
BLESSED HOME OF MOTHER AND CHILD MATERNITY CLINIC,health,Birthing Home,SAN JOSE,405808010,"393-B G. BAUTISTA STREET, SAN JOSE, RODRIGUEZ, RIZAL, Philippines",14.7326566,121.1333363,address_level,Private,6
BLESSED HOME OF MOTHER AND CHILD MATERNITY CLINIC,health,Birthing Home,SAN JOSE,405808010,"390 G. BAUTISTA ST, SAN JOSE, RODRIGUEZ, RIZAL, Philippines",14.7326566,121.1333363,address_level,Private,6
TRIPLE J MATERNITY CLINIC,health,Birthing Home,BALITE,405808001,"143 RIZAL AVENUE, BALITE (POB.), RODRIGUEZ, RIZAL, Philippines",14.73314307,121.1456219,address_level,Private,2
MONTALBAN MEDICAL AND DIAGNOSTIC LABORATORY,health,Clinical Laboratory,BALITE,405808001,"181 COL. S. CRUZ, BALITE (POB.), RODRIGUEZ, RIZAL, Philippines",14.73420433,121.1482017,address_level,Private,0
SAN RAFAEL I - MAIN BARANGAY HEALTH STATION,health,Barangay Health Station,SAN RAFAEL,405808011,"SAN RAFAEL, RODRIGUEZ, RIZAL, Philippines",14.7353584,121.1523099,address_level,Government,0
RAFHA-JYRA'S LYING IN CLINIC,health,Birthing Home,SAN JOSE,405808010,"55 E. RODRIGUEZ AVENUE, SAN JOSE, RODRIGUEZ, RIZAL, Philippines",14.73538931,121.1513528,address_level,Private,0
MUNICIPAL DIALYSIS CENTER OF RODRIGUEZ,health,Dialysis Clinic,BALITE,405808001,"147 J.P. RIZAL AVENUE, BALITE (POB.), RODRIGUEZ, RIZAL, Philippines",14.73549692,121.1526885,address_level,Government,0
RODRIGUEZ SUPER HEALTH CENTER,health,Birthing Home,SAN JOSE,405808010,"VONEL ST., COR. DONA NEMESIA ROAD, LITEX LITEX VILLAGE, SAN JOSE, RODRIGUEZ, RIZAL, Philippines",14.7357663,121.1307175,address_level,Government,0
RODRIGUEZ SUPER HEALTH CENTER,health,Rural Health Unit,SAN JOSE,405808010,"VONNEL ST.COR. DONA NEMESIA RD.LITEX VILLAGE, SAN JOSE, SAN JOSE, RODRIGUEZ, RIZAL, Philippines",14.7357663,121.1307175,address_level,Government,0
TAGUMPAY BARANGAY HEALTH STATION,health,Barangay Health Station,SAN JOSE,405808010,"TAGUMPAY HOUSING, SAN JOSE, RODRIGUEZ, RIZAL, Philippines",14.7417309,121.135774,address_level,Government,0
SAN JOSE IV - KASIGLAHAN BARANGAY HEALTH STATION,health,Barangay Health Station,SAN JOSE,405808010,"KASIGLAHAN VILLAGE 1, SAN JOSE, RODRIGUEZ, RIZAL, Philippines",14.7418885,121.1391811,address_level,Government,0
MONTALBAN INFIRMARY BIRTHING FACILITY,health,Birthing Home,SAN JOSE,405808010,"KASIGLAHAN VILLAGE 1, SAN JOSE, RODRIGUEZ, RIZAL, Philippines",14.7418885,121.1391811,address_level,Government,11
PRIME DIALYSIS CENTER INC.,health,Dialysis Clinic,SAN JOSE,405808010,"MAYON AVENUE, SAN JOSE, RODRIGUEZ, RIZAL, Philippines",14.7421539,121.128063,address_level,Private,0
ARMMC-NTRH BUCAS CENTER AGAP,health,Ambulatory Surgical Clinic,SAN JOSE,405808010,"MAYON AVENUE, SAN JOSE, RODRIGUEZ, RIZAL, Philippines",14.7421539,121.128063,address_level,Government,0
CCH RURAL HEALTH UNIT BIRTHING HOME 2,health,Rural Health Unit,SAN JOSE,405808010,"MUNTING ILAW, KASIGLAHAN, SAN JOSE, RODRIGUEZ, RIZAL, Philippines",14.7430056,121.138726,address_level,Government,0
JL DIALMED DIALYSIS CENTER,health,Dialysis Clinic,SAN ISIDRO,405808009,"UNIT 1AC CCH BUILDING, EASTWOOD RESIDENCE, SAN ISIDRO, RODRIGUEZ, RIZAL, Philippines",14.74352996,121.1601709,address_level,Private,0
PURAY BARANGAY HEALTH STATION,health,Barangay Health Station,PURAY,405808007,"SITIO MALASYA, PURAY, RODRIGUEZ, RIZAL, Philippines",14.7443053,121.2518603,address_level,Government,0
SAN ISIDRO II - ANNEX/CENTELLA BARANGAY HEALTH STATION,health,Barangay Health Station,SAN ISIDRO,405808009,"EASTWOOD, SAN ISIDRO, RODRIGUEZ, RIZAL, Philippines",14.7454467,121.1601859,address_level,Government,0
HEALTH PLUS MEDICAL AND DIAGNOSTIC CLINIC INC.,health,Clinical Laboratory,SAN JOSE,405808010,"L15 B28 COR. TAGUMPAY AMITYVILLE SUBDIVISION, SAN JOSE, RODRIGUEZ, RIZAL, Philippines",14.74656769,121.1310568,address_level,Private,0
RM-EJ MATERNITY CLINIC,health,Birthing Home,SAN ISIDRO,405808009,"BLOCK 3 LOT 53-F PH4B, SAN ISIDRO, RODRIGUEZ, RIZAL, Philippines",14.75124277,121.158599,address_level,Private,1
RGR DIAGNOSTIC CENTER,health,Clinical Laboratory,SAN ISIDRO,405808009,"PH 6 BLK 1 LOT 8 EASTWOOD RESIDENCES, SAN ISIDRO, RODRIGUEZ, RIZAL, Philippines",14.75392937,121.1573051,address_level,Private,0
SAN ISIDRO VII - ANNEX A4 EASTWOOD HEALTH CENTER,health,Barangay Health Station,SAN ISIDRO,405808009,"PHASE 4 EASTWOOD ROAD, SAN ISIDRO, RODRIGUEZ, RIZAL, Philippines",14.7540384,121.1574337,address_level,Government,0
SAN JOSE V - SUB-URBAN BARANGAY HEALTH STATION,health,Barangay Health Station,SAN JOSE,405808010,"PHASE IA SUB-URBAN, SAN JOSE, RODRIGUEZ, RIZAL, Philippines",14.75560432,121.1371979,address_level,Government,0
2MJ LYING-IN CLINIC,health,Birthing Home,SAN ISIDRO,405808009,"BLOCK 39 LOT 4, PHASE 6, EASTWOOD RESIDENCES, SAN ISIDRO, RODRIGUEZ, RIZAL, Philippines",14.7560467,121.1571952,address_level,Private,1
SAN ISIDRO III - SOUTHVILLE 8B BARANGAY HEALTH STATION,health,Barangay Health Station,SAN ISIDRO,405808009,"BLOCK 32, SAN ISIDRO, RODRIGUEZ, RIZAL, Philippines",14.7612122,121.1535874,address_level,Government,0
SOUTHVILLE 8C BARANGAY HEALTH CENTER,health,Barangay Health Station,SAN ISIDRO,405808009,"BLOCK 12, SAN ISIDRO, RODRIGUEZ, RIZAL, Philippines",14.7612122,121.1535874,address_level,Government,0
SAN ISIDRO I - MAIN BARANGAY HEALTH STATION,health,Barangay Health Station,SAN ISIDRO,405808009,"SITIO TANAG, SAN ISIDRO, RODRIGUEZ, RIZAL, Philippines",14.7614497,121.1530156,address_level,Government,0
CCH RURAL HEALTH UNIT BIRTHING HOME 3,health,Rural Health Unit,SAN ISIDRO,405808009,"SITIO TANAG, SAN ISIDRO, RODRIGUEZ, RIZAL, Philippines",14.7614497,121.1530156,address_level,Government,0
CCH RURAL HEALTH UNIT BIRTHING HOME 3,health,Birthing Home,SAN ISIDRO,405808009,"SITIO TANAG, SAN ISIDRO, RODRIGUEZ, RIZAL, Philippines",14.7614497,121.1530156,address_level,Government,3
JOSEPHIA BIRTHING CLINIC,health,Birthing Home,SAN ISIDRO,405808009,"BLK 4 LOT 5 SOUTHVILLE 8 C, SAN ISIDRO, RODRIGUEZ, RIZAL, Philippines",14.76179997,121.1519038,address_level,Private,2
SAN ISIDRO VIII -SOUTHVILLE 8C HEALTH CENTER,health,Barangay Health Station,SAN ISIDRO,405808009,"SOUTHVILLE 8C SAN ISIDRO, SAN ISIDRO, RODRIGUEZ, RIZAL, Philippines",14.7621982,121.1521931,address_level,Government,0
MASCAP BARANGAY HEALTH STATION,health,Barangay Health Station,MASCAP,405808006,"MASCAP, RODRIGUEZ, RIZAL, Philippines",14.7633002,121.1832997,address_level,Government,0
MACABUD BARANGAY HEALTH STATION,health,Barangay Health Station,MACABUD,405808004,"MACABUD, RODRIGUEZ, RIZAL, Philippines",14.7976175,121.1395334,address_level,Government,0
SAN ISIDRO V - BALAGBAG BARANGAY HEALTH STATION,health,Barangay Health Station,SAN ISIDRO,405808009,"SITIO BALAGBAG, SAN ISIDRO, RODRIGUEZ, RIZAL, Philippines",14.8136634,121.1645671,address_level,Government,0
SAN JOSE II LITEX- VACPA BARANGAY HEALTH STATION,health,Barangay Health Station,SAN JOSE,405808010,"OPEL STREET, LITEX VILLAGE, SAN JOSE, RODRIGUEZ, RIZAL, Philippines",,,failed,Government,0
SAN RAFAEL II - WAWA BARANGAY HEALTH STATION,health,Barangay Health Station,SAN RAFAEL,405808011,"WAWA GROUND, SAN RAFAEL, RODRIGUEZ, RIZAL, Philippines",,,failed,Government,0
GERONIMO BARANGAY HEALTH STATION,health,Barangay Health Station,GERONIMO,405808003,"GREEN ROSE SUBDIVISION, GERONIMO, RODRIGUEZ, RIZAL, Philippines",,,failed,Government,0
NEPHROMED ASIA MEDICAL GROUP INCORPORATED,health,Dialysis Clinic,BURGOS,405808002,"BECCO STREET,, BURGOS, RODRIGUEZ, RIZAL, Philippines",,,failed,Private,0
HEALTH RITE DIAGNOSTIC SERVICES,health,Drug Testing Laboratory,SAN JOSE,405808010,"30 E. RODRIGUEZ HI-WAY, SAN JOSE, RODRIGUEZ, RIZAL, Philippines",,,failed,Private,0
ST.IGNATIUS DE LOYOLA HEALTH CARE SERVICES,health,Clinical Laboratory,MANGGAHAN,405808005,"99 J.P RIZAL ST., MANGGAHAN, RODRIGUEZ, RIZAL, Philippines",,,failed,Private,0
SAN ISIDRO VI - SITIO PINTOR HEALTH CENTER,health,Barangay Health Station,SAN ISIDRO,405808009,"SITIO PINTOR, SAN ISIDRO, SAN ISIDRO, RODRIGUEZ, RIZAL, Philippines",,,failed,Government,0
RAFHA GLORIOUS CARE LYING - IN CLINIC,health,Birthing Home,SAN RAFAEL,405808011,"129 M.H. DEL PILAR ST, SAN RAFAEL, RODRIGUEZ, RIZAL, Philippines",,,failed,Private,4
RAFHA GLORIOUS CARE LYING-IN CLINIC,health,Birthing Home,SAN JOSE,405808010,"BLK 28 LOT 3 AMITYVILE SUBD, SAN JOSE, RODRIGUEZ, RIZAL, Philippines",,,failed,Private,6
CCH RURAL HEALTH UNIT BIRTHING HOME,health,Rural Health Unit,BALITE,405808001,"147 J.P. RIZAL AVENUE, BALITE (POB.), RODRIGUEZ, RIZAL, Philippines",,,failed,Government,0
BALITE (POB.) BARANGAY HEALTH STATION,health,Barangay Health Station,BALITE,405808001,"LIBIS DIKE I, BALITE (POB.), RODRIGUEZ, RIZAL, Philippines",,,failed,Government,0
CCH RURAL HEALTH UNIT BIRTHING HOME,health,Birthing Home,BALITE,405808001,"147 J.P. RIZAL, BALITE (POB.), RODRIGUEZ, RIZAL, Philippines",,,failed,Government,4
